{
  "ReRoutes": [
    {
      "DownstreamPathTemplate": "/api/v1/Buyer/GetAllBuyer",
      "DownstreamScheme": "https",
      "DownstreamHostAndPorts": [
        {
          "Host": "localhost",
          "Port": 44364
        }
      ],
      "UpstreamPathTemplate": "/apigateway/GetAllBuyer",
      "UpstreamHttpMethod": [ "GET" ]
    },
    {
      "DownstreamPathTemplate": "/api/v1/Buyer/PlaceBid",
      "DownstreamScheme": "https",
      "DownstreamHostAndPorts": [
        {
          "Host": "localhost",
          "Port": 44364
        }
      ],
      "UpstreamPathTemplate": "/apigateway/BuyerPlaceBid",
      "UpstreamHttpMethod": [ "POST" ]
    },
    {
      "DownstreamPathTemplate": "/api/v1/Buyer/UpdateBid/{productName}/{email}/{newBidAmount}",
      "DownstreamScheme": "https",
      "DownstreamHostAndPorts": [
        {
          "Host": "localhost",
          "Port": 44364
        }
      ],
      "UpstreamPathTemplate": "/apigateway/BuyerUpdateBid/{productName}/{email}/{newBidAmount}",
      "UpstreamHttpMethod": [ "PUT" ]
    },
    {
      "DownstreamPathTemplate": "/api/v1/Buyer/DeleteBid/{productId}",
      "DownstreamScheme": "https",
      "DownstreamHostAndPorts": [
        {
          "Host": "localhost",
          "Port": 44364
        }
      ],
      "UpstreamPathTemplate": "/apigateway/DeleteBid/{productId}",
      "UpstreamHttpMethod": [ "DELETE" ]
    },

    {
      "DownstreamPathTemplate": "/api/v1/Seller/GetAllProduct",
      "DownstreamScheme": "https",
      "DownstreamHostAndPorts": [
        {
          "Host": "localhost",
          "Port": 44315
        }
      ],
      "UpstreamPathTemplate": "/apigateway/GetAllProduct",
      "UpstreamHttpMethod": [ "GET" ]
    },
    {
      "DownstreamPathTemplate": "/api/v1/Seller/InsertSeller",
      "DownstreamScheme": "https",
      "DownstreamHostAndPorts": [
        {
          "Host": "localhost",
          "Port": 44315
        }
      ],
      "UpstreamPathTemplate": "/apigateway/InsertSeller",
      "UpstreamHttpMethod": [ "POST" ]
    },
    {
      "DownstreamPathTemplate": "/api/v1/Seller/InsertProduct",
      "DownstreamScheme": "https",
      "DownstreamHostAndPorts": [
        {
          "Host": "localhost",
          "Port": 44315
        }
      ],
      "UpstreamPathTemplate": "/apigateway/InsertProduct",
      "UpstreamHttpMethod": [ "POST" ]
    },
    {
      "DownstreamPathTemplate": "/api/v1/Seller/DeleteProduct/{ProductName}",
      "DownstreamScheme": "https",
      "DownstreamHostAndPorts": [
        {
          "Host": "localhost",
          "Port": 44315
        }
      ],
      "UpstreamPathTemplate": "/apigateway/DeleteProduct/{ProductName}",
      "UpstreamHttpMethod": [ "DELETE" ]
    },
    {
      "DownstreamPathTemplate": "/api/v1/Seller/GetAllBidsByProductName/{ProductName}",
      "DownstreamScheme": "https",
      "DownstreamHostAndPorts": [
        {
          "Host": "localhost",
          "Port": 44315
        }
      ],
      "UpstreamPathTemplate": "/apigateway/GetAllBidsByProductName/{ProductName}",
      "UpstreamHttpMethod": [ "GET" ]
    }
  ]
}